{
    "f1": 0.5301724137931035,
    "roc_auc": 0.8375767334205495
}